{
    "id":"ID_1464179909",
    "text":"First Check-in",
    "options": [{
        "id":"ID_655438656",
        "text":"General exams",
    "language":"Daily Check-in",
        "options": [{
            "id":"ID_319920405",
            "text":"Risk factors",
            "options": [{
                "id":"ID_256917253",
                "text":"Do you have any conditions? Which? (You can select multiple))",
    "language":"%",
                "options": [{
                    "id":"ID_66110418",
                    "text":"Hypertension"
                }, {
                    "id":"ID_726362210",
                    "text":"Diabetes"
                }, {
                    "id":"ID_1271842173",
                    "text":"Previous heart attack"
                }, {
                    "id":"ID_640304131",
                    "text":"Pregnancy"
                }, {
                    "id":"ID_1285330327",
                    "text":"Bronchial asthma"
                }, {
                    "id":"ID_530494719",
                    "text":"Any other (Specify)",
    "input-type":"text",
    "language":"Other:"
                }, {
                    "id":"ID_1623540624",
                    "text":"No pre-existing conditions"
                }]
            }]
        }, {
            "id":"ID_395760219",
            "text":"Travel history",
            "options": [{
                "id":"ID_1022525582",
                "text":"Have you returned from a foreign country recently? (in the last 14 days)",
    "language":"%",
                "options": [{
                    "id":"ID_1531235831",
                    "text":"Yes",
                    "options": [{
                        "id":"ID_1497361715",
                        "text":"Which? Please list all the countries you have traveled to",
    "input-type":"text",
    "language":"%"
                    }]
                }, {
                    "id":"ID_1261965852",
                    "text":"No"
                }]
            }]
        }, {
            "id":"ID_453907806",
            "text":"Contact with confirmed case",
            "options": [{
                "id":"ID_1314110278",
                "text":"Did you come in contact with a person who was confirmed with Covid-19?",
    "language":"%",
                "options": [{
                    "id":"ID_181350568",
                    "text":"Yes"
                }, {
                    "id":"ID_1110561089",
                    "text":"No"
                }, {
                    "id":"ID_720666173",
                    "text":"Maybe"
                }]
            }]
        }, {
            "id":"ID_1945226874",
            "text":"Symptoms",
            "options": [{
                "id":"ID_1987809737",
                "text":"What symptoms do you have? (You can select multiple)",
    "language":"%",
                "options": [{
                    "id":"ID_139192629",
                    "text":"Runny nose"
                }, {
                    "id":"ID_961667629",
                    "text":"Fever"
                }, {
                    "id":"ID_830930832",
                    "text":"Cough"
                }, {
                    "id":"ID_1083115007",
                    "text":"Sputum",
                    "options": [{
                        "id":"ID_1755448458",
                        "text":"Color of sputum",
                        "options": [{
                            "id":"ID_971408431",
                            "text":"White"
                        }, {
                            "id":"ID_98419175",
                            "text":"Yellow"
                        }, {
                            "id":"ID_347465029",
                            "text":"Brown"
                        }, {
                            "id":"ID_1719609093",
                            "text":"Green"
                        }, {
                            "id":"ID_1245244259",
                            "text":"Red"
                        }]
                    }]
                }, {
                    "id":"ID_1803497771",
                    "text":"Body ache"
                }, {
                    "id":"ID_1308109820",
                    "text":"Breathlessness"
                }, {
                    "id":"ID_1381850531",
                    "text":"Difficulty/pain while breathing"
                }, {
                    "id":"ID_70084394",
                    "text":"Nausea"
                }, {
                    "id":"ID_1394311228",
                    "text":"Vomiting"
                }, {
                    "id":"ID_656375499",
                    "text":"Any other (please describe)",
                    "options": [{
                        "id":"ID_1712509129",
                        "text":"Please describe",
    "input-type":"text",
    "language":"%"
                    }]
                }, {
                    "id":"ID_1789936411",
                    "text":"None of the above"
                }]
            }]
        }, {
            "id":"ID_1141895809",
            "text":"Days since you are sick",
            "options": [{
                "id":"ID_1630076533",
                "text":"When did the symptoms start?",
                "options": [{
                    "id":"ID_1971909502",
                    "text":"Started on:",
    "input-type":"date"
                }, {
                    "id":"ID_1150642033",
                    "text":"Not applicable"
                }]
            }]
        }, {
            "id":"ID_322448401",
            "text":"Any need for medical help",
            "options": [{
                "id":"ID_1457684482",
                "text":"Do you need medical help?",
    "language":"%",
                "options": [{
                    "id":"ID_1178566097",
                    "text":"Yes",
    "pop-up":"If you have a high grade fever or difficulty breathing or need medical assistance, contact your doctor on phone to discuss what next steps should be taken or call the state helpline. Take the guidance of a licensed medical provider or from the state helpline to identify whether you need to go for testing or get hospitalized. Please do go to a health facility until you have taken advice on the phone first, so that infection does not spread to others.",
                    "options": [{
                        "id":"ID_575224350",
                        "text":"Please describe what assistance you require",
    "input-type":"text",
    "language":"%"
                    }]
                }, {
                    "id":"ID_1573500359",
                    "text":"No"
                }]
            }]
        }]
    }]
}