{
    "id":"ID_1523880540",
    "text":"Follow up Check-in",
    "options": [{
        "id":"ID_655438656",
        "text":"General exams",
    "language":"Daily Check-in",
        "options": [{
            "id":"ID_319920405",
            "text":"Overall condition",
            "options": [{
                "id":"ID_256917253",
                "text":"How do you feel today as compared to yesterday?",
    "language":"%",
                "options": [{
                    "id":"ID_66110418",
                    "text":"Better"
                }, {
                    "id":"ID_726362210",
                    "text":"Good"
                }, {
                    "id":"ID_1271842173",
                    "text":"Same"
                }, {
                    "id":"ID_640304131",
                    "text":"Deteriorating"
                }]
            }]
        }, {
            "id":"ID_395760219",
            "text":"New symptoms",
            "options": [{
                "id":"ID_1022525582",
                "text":"Has any new symptom started?",
    "language":"%",
                "options": [{
                    "id":"ID_1531235831",
                    "text":"Yes",
                    "options": [{
                        "id":"ID_1497361715",
                        "text":"Please describe",
    "input-type":"text",
    "language":"%"
                    }]
                }, {
                    "id":"ID_1261965852",
                    "text":"No"
                }]
            }]
        }, {
            "id":"ID_453907806",
            "text":"Improvement in previous symptoms",
            "options": [{
                "id":"ID_1314110278",
                "text":"Did any previous symptoms improve?",
    "language":"%",
                "options": [{
                    "id":"ID_181350568",
                    "text":"Yes",
                    "options": [{
                        "id":"ID_472858616",
                        "text":"Please describe",
    "input-type":"text",
    "language":"%"
                    }]
                }, {
                    "id":"ID_1110561089",
                    "text":"No"
                }]
            }]
        }, {
            "id":"ID_1945226874",
            "text":"Worsening of previous symptoms",
            "options": [{
                "id":"ID_1987809737",
                "text":"Did any previous symptoms become worse?",
    "language":"%",
                "options": [{
                    "id":"ID_139192629",
                    "text":"Yes",
                    "options": [{
                        "id":"ID_1712509129",
                        "text":"Please describe",
    "input-type":"text",
    "language":"%"
                    }]
                }, {
                    "id":"ID_656375499",
                    "text":"No"
                }]
            }]
        }, {
            "id":"ID_322448401",
            "text":"Any need for medical help",
            "options": [{
                "id":"ID_1457684482",
                "text":"Do you need medical help?",
    "language":"%",
                "options": [{
                    "id":"ID_1178566097",
                    "text":"Yes",
    "pop-up":"If you have a high grade fever or difficulty breathing or need medical assistance, contact your doctor on phone to discuss what next steps should be taken or call the state helpline. Take the guidance of a licensed medical provider or from the state helpline to identify whether you need to go for testing or get hospitalized. Please do go to a health facility until you have taken advice on the phone first, so that infection does not spread to others.",
                    "options": [{
                        "id":"ID_575224350",
                        "text":"Please describe what assistance you require",
    "input-type":"text",
    "language":"%"
                    }]
                }, {
                    "id":"ID_1573500359",
                    "text":"No"
                }]
            }]
        }]
    }]
}