{
    "id": "ID_655453948",
    "text": "First self monitoring",
    "options": [{
        "id": "ID_1765300799",
        "text": "General exams",
        "language": "Daily check-in",
        "options": [{
            "id": "ID_1096314593",
            "text": "Past medical history",
            "options": [{
                "id": "ID_1372177712",
                "text": "Do you have any pre-existing conditions?",
                "language": "%",
                "options": [{
                    "id": "ID_775410529",
                    "text": "Diabetes"
                }, {
                    "id": "ID_50529273",
                    "text": "Heart Attack"
                }, {
                    "id": "ID_999993600",
                    "text": "Hypertension"
                }, {
                    "id": "ID_1290612231",
                    "text": "Pregnancy"
                }, {
                    "id": "ID_1018127975",
                    "text": "Bronchial Asthma"
                }, {
                    "id": "ID_254511619",
                    "text": "Any other (Specify)",
                    "options": [{
                        "id": "ID_1945994203",
                        "text": "[Enter condition]",
                        "input-type": "text",
                        "language": "%"
                    }]
                }, {
                    "id": "ID_1536087021",
                    "text": "No pre-existing conditions"
                }]
            }]
        }, {
            "id": "ID_1830530347",
            "text": "Symptoms",
            "options": [{
                "id": "ID_434379864",
                "text": "What symptoms do you have? (You can select multiple)",
                "language": "%",
                "options": [{
                    "id": "ID_1370353983",
                    "text": "No symptoms"
                }, {
                    "id": "ID_1108635443",
                    "text": "Runny nose"
                }, {
                    "id": "ID_459943681",
                    "text": "Fever",
                    "options": [{
                        "id": "ID_1636529181",
                        "text": "(Fahrenheit) Measure the temperature and enter",
                        "language": "Temperature [F]:",
                        "options": [{
                            "id": "ID_653809719",
                            "text": "[Enter in Fahrenheit]",
                            "input-type": "number"
                        }]
                    }, {
                        "id": "ID_784703872",
                        "text": "(Celcius) Measure the temperature and enter",
                        "language": "Temperature [C]:",
                        "options": [{
                            "id": "ID_1202435819",
                            "text": "[Enter in Celcius]",
                            "input-type": "number"
                        }]
                    }]
                }, {
                    "id": "ID_1243955718",
                    "text": "Cough"
                }, {
                    "id": "ID_1386190049",
                    "text": "Sputum",
                    "options": [{
                        "id": "ID_1414823526",
                        "text": "Color of sputum",
                        "options": [{
                            "id": "ID_842116418",
                            "text": "White"
                        }, {
                            "id": "ID_37499256",
                            "text": "Yellow"
                        }, {
                            "id": "ID_521967690",
                            "text": "Brown"
                        }, {
                            "id": "ID_155250331",
                            "text": "Green"
                        }, {
                            "id": "ID_1927005156",
                            "text": "Red"
                        }]
                    }]
                }, {
                    "id": "ID_124901177",
                    "text": "Body ache"
                }, {
                    "id": "ID_1570760054",
                    "text": "Breathlessness"
                }, {
                    "id": "ID_1395266374",
                    "text": "Difficulty/pain while breathing"
                }, {
                    "id": "ID_964121575",
                    "text": "Nausea"
                }, {
                    "id": "ID_1667959129",
                    "text": "Vomiting"
                }, {
                    "id": "ID_1026701173",
                    "text": "Any other (please describe)",
                    "options": [{
                        "id": "ID_922135878",
                        "text": "Please describe",
                        "input-type": "text",
                        "language": "%"
                    }]
                }]
            }]
        }, {
            "id": "ID_1092884366",
            "text": "Days since you are sick",
            "language": "Symptoms started on",
            "options": [{
                "id": "ID_1904427666",
                "text": "When did the symptoms start?",
                "language": "%",
                "options": [{
                    "id": "ID_810011538",
                    "text": "Started on:",
                    "input-type": "date",
                    "language": "%"
                }, {
                    "id": "ID_1847170411",
                    "text": "Not applicable"
                }]
            }]
        }, {
            "id": "ID_1478583319",
            "text": "Use of PPE and infection control precautions",
            "options": [{
                "id": "ID_1252711847",
                "text": "Did you use PPE and infection control precautions as recommended?",
                "language": "%",
                "options": [{
                    "id": "ID_171614038",
                    "text": "Yes",
                    "language": "As recommended"
                }, {
                    "id": "ID_1484094129",
                    "text": "No",
                    "language": "Not as recommended",
                    "options": [{
                        "id": "ID_1555188189",
                        "text": "What is the deficiency?",
                        "input-type": "text"
                    }]
                }, {
                    "id": "ID_190220953",
                    "text": "Unsure",
                    "language": "Unsure if use of PPE and precautions are as per recommendations"
                }]
            }]
        }]
    }]
}